id,peak_data_id,timestamp,port1,port2,port3,port4,port5,port6,port7,port8
1,1,1593548033.220246,6,2,0,0,0,0,0,0
2,2,1593548034.222645,6,2,0,0,0,0,0,0
3,3,1593548035.2166715,6,2,0,0,0,0,0,0
4,4,1593548036.2219398,6,2,0,0,0,0,0,0
5,5,1593626225.749217,6,2,0,0,0,0,0,0
6,6,1593626226.77727,6,2,0,0,0,0,0,0
7,7,1593626227.8171113,6,2,0,0,0,0,0,0
8,8,1593626228.841115,6,2,0,0,0,0,0,0
9,9,1593626412.5243025,6,2,0,0,0,0,0,0
10,10,1593626412.634047,6,2,0,0,0,0,0,0
11,11,1593626412.744737,6,2,0,0,0,0,0,0
12,12,1593626412.8634553,6,2,0,0,0,0,0,0
13,13,1593626412.9815083,6,2,0,0,0,0,0,0
14,14,1593626413.0918834,6,2,0,0,0,0,0,0
15,15,1593626413.2014184,6,2,0,0,0,0,0,0
16,16,1593626413.3251536,6,2,0,0,0,0,0,0
17,17,1593626413.4514308,6,2,0,0,0,0,0,0
18,18,1593626413.5663688,6,2,0,0,0,0,0,0
19,19,1593626413.677115,6,2,0,0,0,0,0,0
20,20,1593626413.791108,6,2,0,0,0,0,0,0
21,21,1593626413.902416,6,2,0,0,0,0,0,0
22,22,1593626414.0152843,6,2,0,0,0,0,0,0
23,23,1593626414.1347306,6,2,0,0,0,0,0,0
24,24,1593626414.258247,6,2,0,0,0,0,0,0
25,25,1593626414.3844416,6,2,0,0,0,0,0,0
26,26,1593626414.4951406,6,2,0,0,0,0,0,0
27,27,1593626414.605717,6,2,0,0,0,0,0,0
28,28,1593626414.7187254,6,2,0,0,0,0,0,0
29,29,1593626414.8465798,6,2,0,0,0,0,0,0
30,30,1593626414.9642189,6,2,0,0,0,0,0,0
31,31,1593626415.0749938,6,2,0,0,0,0,0,0
32,32,1593626415.191902,6,2,0,0,0,0,0,0
33,33,1593626415.313592,6,2,0,0,0,0,0,0
34,34,1593626415.4277644,6,2,0,0,0,0,0,0
35,35,1593626415.543539,6,2,0,0,0,0,0,0
36,36,1593626415.6575146,6,2,0,0,0,0,0,0
37,37,1593626415.7723968,6,2,0,0,0,0,0,0
38,38,1593626415.887157,6,2,0,0,0,0,0,0
39,39,1593626416.000429,6,2,0,0,0,0,0,0
40,40,1593626416.1102574,6,2,0,0,0,0,0,0
41,41,1593626416.2250044,6,2,0,0,0,0,0,0
42,42,1593626416.3471942,6,2,0,0,0,0,0,0
43,43,1593626416.4587781,6,2,0,0,0,0,0,0
44,44,1593626416.5721383,6,2,0,0,0,0,0,0
45,45,1593626416.699546,6,2,0,0,0,0,0,0
46,46,1593626416.8129041,6,2,0,0,0,0,0,0
47,47,1593626416.9288566,6,2,0,0,0,0,0,0
48,48,1593626417.0386467,6,2,0,0,0,0,0,0
49,49,1593626417.1571229,6,2,0,0,0,0,0,0
50,50,1593626417.2759423,6,2,0,0,0,0,0,0
51,51,1593626417.3954191,6,2,0,0,0,0,0,0
52,52,1593626454.7864265,6,2,0,0,0,0,0,0
53,53,1593626454.8751929,6,2,0,0,0,0,0,0
54,54,1593626454.966035,6,2,0,0,0,0,0,0
55,55,1593626455.0767732,6,2,0,0,0,0,0,0
56,56,1593626455.1847174,6,2,0,0,0,0,0,0
57,57,1593626455.2738538,6,2,0,0,0,0,0,0
58,58,1593626455.3784096,6,2,0,0,0,0,0,0
59,59,1593626455.4851768,6,2,0,0,0,0,0,0
60,60,1593626455.574832,6,2,0,0,0,0,0,0
61,61,1593626455.6840746,6,2,0,0,0,0,0,0
62,62,1593626455.7773407,6,2,0,0,0,0,0,0
63,63,1593626455.8770726,6,2,0,0,0,0,0,0
64,64,1593626455.9693336,6,2,0,0,0,0,0,0
65,65,1593626456.0790398,6,2,0,0,0,0,0,0
66,66,1593626456.1718304,6,2,0,0,0,0,0,0
67,67,1593626456.2725585,6,2,0,0,0,0,0,0
68,68,1593626456.3782747,6,2,0,0,0,0,0,0
69,69,1593626456.4671001,6,2,0,0,0,0,0,0
70,70,1593626456.5588503,6,2,0,0,0,0,0,0
71,71,1593626456.7733042,6,2,0,0,0,0,0,0
72,72,1593626456.8668883,6,2,0,0,0,0,0,0
73,73,1593626456.9591236,6,2,0,0,0,0,0,0
74,74,1593626457.0511472,6,2,0,0,0,0,0,0
75,75,1593626457.1615345,6,2,0,0,0,0,0,0
76,76,1593626457.3514445,6,2,0,0,0,0,0,0
77,77,1593626457.442433,6,2,0,0,0,0,0,0
78,78,1593626457.530781,6,2,0,0,0,0,0,0
79,79,1593626457.6232493,6,2,0,0,0,0,0,0
80,80,1593626457.7120507,6,2,0,0,0,0,0,0
81,81,1593626457.8203392,6,2,0,0,0,0,0,0
82,82,1593626457.9312856,6,2,0,0,0,0,0,0
83,83,1593626458.0408664,6,2,0,0,0,0,0,0
84,84,1593626458.1338518,6,2,0,0,0,0,0,0
85,85,1593626458.2211168,6,2,0,0,0,0,0,0
86,86,1593626458.3109272,6,2,0,0,0,0,0,0
87,87,1593626458.4167194,6,2,0,0,0,0,0,0
88,88,1593626458.533378,6,2,0,0,0,0,0,0
89,89,1593626458.6271274,6,2,0,0,0,0,0,0
90,90,1593626458.7164178,6,2,0,0,0,0,0,0
91,91,1593626458.8102994,6,2,0,0,0,0,0,0
92,92,1593626458.8988807,6,2,0,0,0,0,0,0
93,93,1593626458.9915195,6,2,0,0,0,0,0,0
94,94,1593626459.0842466,6,2,0,0,0,0,0,0
95,95,1593626459.1752577,6,2,0,0,0,0,0,0
96,96,1593626459.2812097,6,2,0,0,0,0,0,0
97,97,1593626459.369191,6,2,0,0,0,0,0,0
98,98,1593626459.475289,6,2,0,0,0,0,0,0
99,99,1593626459.58976,6,2,0,0,0,0,0,0
100,100,1593626459.6830301,6,2,0,0,0,0,0,0
101,101,1593626817.1882122,6,2,0,0,0,0,0,0
102,102,1593626817.2809796,6,2,0,0,0,0,0,0
103,103,1593626817.3723392,6,2,0,0,0,0,0,0
104,104,1593626817.4881868,6,2,0,0,0,0,0,0
105,105,1593626817.5872178,6,2,0,0,0,0,0,0
106,106,1593626817.7059166,6,2,0,0,0,0,0,0
107,107,1593626817.8090563,6,2,0,0,0,0,0,0
108,108,1593626817.9214902,6,2,0,0,0,0,0,0
109,109,1593626818.0383394,6,2,0,0,0,0,0,0
110,110,1593626818.133449,6,2,0,0,0,0,0,0
111,111,1593626818.254911,6,2,0,0,0,0,0,0
112,112,1593626818.3563712,6,2,0,0,0,0,0,0
113,113,1593626818.4551947,6,2,0,0,0,0,0,0
114,114,1593626818.5717041,6,2,0,0,0,0,0,0
115,115,1593626818.684434,6,2,0,0,0,0,0,0
116,116,1593626818.7903774,6,2,0,0,0,0,0,0
117,117,1593626818.903717,6,2,0,0,0,0,0,0
118,118,1593626819.0063105,6,2,0,0,0,0,0,0
119,119,1593626819.1060555,6,2,0,0,0,0,0,0
120,120,1593626819.2066293,6,2,0,0,0,0,0,0
121,121,1593626819.3216724,6,2,0,0,0,0,0,0
122,122,1593626819.4227746,6,2,0,0,0,0,0,0
123,123,1593626819.51685,6,2,0,0,0,0,0,0
124,124,1593626819.6227567,6,2,0,0,0,0,0,0
125,125,1593626819.7244205,6,2,0,0,0,0,0,0
126,126,1593626819.8372288,6,2,0,0,0,0,0,0
127,127,1593626819.9395812,6,2,0,0,0,0,0,0
128,128,1593626820.054903,6,2,0,0,0,0,0,0
129,129,1593626820.1577203,6,2,0,0,0,0,0,0
130,130,1593626820.250023,6,2,0,0,0,0,0,0
131,131,1593626820.3394723,6,2,0,0,0,0,0,0
132,132,1593626820.448518,6,2,0,0,0,0,0,0
133,133,1593626820.5572627,6,2,0,0,0,0,0,0
134,134,1593626820.6683235,6,2,0,0,0,0,0,0
135,135,1593626820.783486,6,2,0,0,0,0,0,0
136,136,1593626820.8894513,6,2,0,0,0,0,0,0
137,137,1593626820.9895651,6,2,0,0,0,0,0,0
138,138,1593626821.0894167,6,2,0,0,0,0,0,0
139,139,1593626821.1877344,6,2,0,0,0,0,0,0
140,140,1593626821.2838006,6,2,0,0,0,0,0,0
141,141,1593626821.3889823,6,2,0,0,0,0,0,0
142,142,1593626821.5037854,6,2,0,0,0,0,0,0
143,143,1593626821.6061165,6,2,0,0,0,0,0,0
144,144,1593626821.7065327,6,2,0,0,0,0,0,0
145,145,1593626821.807085,6,2,0,0,0,0,0,0
146,146,1593626821.9008458,6,2,0,0,0,0,0,0
147,147,1593626822.0220406,6,2,0,0,0,0,0,0
148,148,1593628745.8823123,6,2,0,0,0,0,0,0
149,149,1593628745.986219,6,2,0,0,0,0,0,0
150,150,1593628746.07987,6,2,0,0,0,0,0,0
151,151,1593628746.198889,6,2,0,0,0,0,0,0
152,152,1593628746.2996535,6,2,0,0,0,0,0,0
153,153,1593628746.3931904,6,2,0,0,0,0,0,0
154,154,1593628746.5108407,6,2,0,0,0,0,0,0
155,155,1593628746.6219327,6,2,0,0,0,0,0,0
156,156,1593628746.7271948,6,2,0,0,0,0,0,0
157,157,1593628746.8325438,6,2,0,0,0,0,0,0
158,158,1593628746.9383094,6,2,0,0,0,0,0,0
159,159,1593628747.0473769,6,2,0,0,0,0,0,0
160,160,1593628747.1582074,6,2,0,0,0,0,0,0
161,161,1593628747.2682285,6,2,0,0,0,0,0,0
162,162,1593628747.35664,6,2,0,0,0,0,0,0
163,163,1593628747.4659436,6,2,0,0,0,0,0,0
164,164,1593628747.5723073,6,2,0,0,0,0,0,0
165,165,1593628747.685376,6,2,0,0,0,0,0,0
166,166,1593628747.7892299,6,2,0,0,0,0,0,0
167,167,1593628747.9019964,6,2,0,0,0,0,0,0
168,168,1593628748.003798,6,2,0,0,0,0,0,0
169,169,1593628748.0975273,6,2,0,0,0,0,0,0
170,170,1593628748.2060618,6,2,0,0,0,0,0,0
171,171,1593628748.3154104,6,2,0,0,0,0,0,0
172,172,1593628748.4120705,6,2,0,0,0,0,0,0
173,173,1593628748.5044851,6,2,0,0,0,0,0,0
174,174,1593628748.613406,6,2,0,0,0,0,0,0
175,175,1593628748.70639,6,2,0,0,0,0,0,0
176,176,1593628748.812185,6,2,0,0,0,0,0,0
177,177,1593628748.9005544,6,2,0,0,0,0,0,0
178,178,1593628749.0061412,6,2,0,0,0,0,0,0
179,179,1593628749.0965629,6,2,0,0,0,0,0,0
180,180,1593628749.2221081,6,2,0,0,0,0,0,0
181,181,1593628749.3315766,6,2,0,0,0,0,0,0
182,182,1593628749.4408157,6,2,0,0,0,0,0,0
183,183,1593628749.525884,6,2,0,0,0,0,0,0
184,184,1593628749.6164346,6,2,0,0,0,0,0,0
185,185,1593628749.724272,6,2,0,0,0,0,0,0
186,186,1593628749.838212,6,2,0,0,0,0,0,0
187,187,1593628749.9269621,6,2,0,0,0,0,0,0
188,188,1593628750.035923,6,2,0,0,0,0,0,0
189,189,1593628750.1420426,6,2,0,0,0,0,0,0
190,190,1593628750.2371624,6,2,0,0,0,0,0,0
191,191,1593628750.3569033,6,2,0,0,0,0,0,0
192,192,1593628750.450688,6,2,0,0,0,0,0,0
193,193,1593628750.5599854,6,2,0,0,0,0,0,0
194,194,1593628750.6517105,6,2,0,0,0,0,0,0
195,195,1593628750.7683039,6,2,0,0,0,0,0,0
196,196,1593628778.0743892,6,2,0,0,0,0,0,0
197,197,1593628778.176467,6,2,0,0,0,0,0,0
198,198,1593628778.2857234,6,2,0,0,0,0,0,0
199,199,1593628778.3948362,6,2,0,0,0,0,0,0
200,200,1593628778.5045092,6,2,0,0,0,0,0,0
201,201,1593628778.6227546,6,2,0,0,0,0,0,0
202,202,1593628778.716439,6,2,0,0,0,0,0,0
203,203,1593628778.8258326,6,2,0,0,0,0,0,0
204,204,1593628778.9221513,6,2,0,0,0,0,0,0
205,205,1593628779.0146508,6,2,0,0,0,0,0,0
206,206,1593628779.104943,6,2,0,0,0,0,0,0
207,207,1593628779.1986732,6,2,0,0,0,0,0,0
208,208,1593628779.2966113,6,2,0,0,0,0,0,0
209,209,1593628779.38954,6,2,0,0,0,0,0,0
210,210,1593628779.4821498,6,2,0,0,0,0,0,0
211,211,1593628779.5908685,6,2,0,0,0,0,0,0
212,212,1593628779.6965423,6,2,0,0,0,0,0,0
213,213,1593628779.8021421,6,2,0,0,0,0,0,0
214,214,1593628779.9125144,6,2,0,0,0,0,0,0
215,215,1593628780.020312,6,2,0,0,0,0,0,0
216,216,1593628780.1014116,6,2,0,0,0,0,0,0
217,217,1593628780.201246,6,2,0,0,0,0,0,0
218,218,1593628780.31055,6,2,0,0,0,0,0,0
219,219,1593628780.4100368,6,2,0,0,0,0,0,0
220,220,1593628780.5168417,6,2,0,0,0,0,0,0
221,221,1593628780.6348593,6,2,0,0,0,0,0,0
222,222,1593628780.7285898,6,2,0,0,0,0,0,0
223,223,1593628780.8379354,6,2,0,0,0,0,0,0
224,224,1593628780.9472845,6,2,0,0,0,0,0,0
225,225,1593628781.0566337,6,2,0,0,0,0,0,0
226,226,1593628781.1660256,6,2,0,0,0,0,0,0
227,227,1593628781.2756922,6,2,0,0,0,0,0,0
228,228,1593628781.3847263,6,2,0,0,0,0,0,0
229,229,1593628781.4940732,6,2,0,0,0,0,0,0
230,230,1593628781.6033823,6,2,0,0,0,0,0,0
231,231,1593628781.7127285,6,2,0,0,0,0,0,0
232,232,1593628781.8221202,6,2,0,0,0,0,0,0
233,233,1593628781.9314322,6,2,0,0,0,0,0,0
234,234,1593628782.040819,6,2,0,0,0,0,0,0
235,235,1593628782.1501706,6,2,0,0,0,0,0,0
236,236,1593628782.2595172,6,2,0,0,0,0,0,0
237,237,1593628782.3688233,6,2,0,0,0,0,0,0
238,238,1593628782.478172,6,2,0,0,0,0,0,0
239,239,1593628782.5875587,6,2,0,0,0,0,0,0
240,240,1593628782.6969113,6,2,0,0,0,0,0,0
241,241,1593628782.8062625,6,2,0,0,0,0,0,0
242,242,1593628782.9156117,6,2,0,0,0,0,0,0
243,243,1593629822.9156375,6,2,0,0,0,0,0,0
244,244,1593629823.0116768,6,2,0,0,0,0,0,0
245,245,1593629823.122199,6,2,0,0,0,0,0,0
246,246,1593629823.2328017,6,2,0,0,0,0,0,0
247,247,1593629823.3250663,6,2,0,0,0,0,0,0
248,248,1593629823.4338899,6,2,0,0,0,0,0,0
249,249,1593629823.5394037,6,2,0,0,0,0,0,0
250,250,1593629823.6568599,6,2,0,0,0,0,0,0
251,251,1593629823.7662098,6,2,0,0,0,0,0,0
252,252,1593629823.862042,6,2,0,0,0,0,0,0
253,253,1593629823.95408,6,2,0,0,0,0,0,0
254,254,1593629824.0449755,6,2,0,0,0,0,0,0
255,255,1593629824.1539526,6,2,0,0,0,0,0,0
256,256,1593629824.2353525,6,2,0,0,0,0,0,0
257,257,1593629824.3269427,6,2,0,0,0,0,0,0
258,258,1593629824.4192193,6,2,0,0,0,0,0,0
259,259,1593629824.5350251,6,2,0,0,0,0,0,0
260,260,1593629824.6358335,6,2,0,0,0,0,0,0
261,261,1593629824.745753,6,2,0,0,0,0,0,0
262,262,1593629824.841836,6,2,0,0,0,0,0,0
263,263,1593629824.9306543,6,2,0,0,0,0,0,0
264,264,1593629825.040568,6,2,0,0,0,0,0,0
265,265,1593629825.1580844,6,2,0,0,0,0,0,0
266,266,1593629825.256265,6,2,0,0,0,0,0,0
267,267,1593629825.370016,6,2,0,0,0,0,0,0
268,268,1593629825.491233,6,2,0,0,0,0,0,0
269,269,1593629825.593942,6,2,0,0,0,0,0,0
270,270,1593629825.6866858,6,2,0,0,0,0,0,0
271,271,1593629825.7929764,6,2,0,0,0,0,0,0
272,272,1593629825.902979,6,2,0,0,0,0,0,0
273,273,1593629826.0084295,6,2,0,0,0,0,0,0
274,274,1593629826.1091416,6,2,0,0,0,0,0,0
275,275,1593629826.202546,6,2,0,0,0,0,0,0
276,276,1593629826.2898667,6,2,0,0,0,0,0,0
277,277,1593629826.3786519,6,2,0,0,0,0,0,0
278,278,1593629826.4862316,6,2,0,0,0,0,0,0
279,279,1593629826.597165,6,2,0,0,0,0,0,0
280,280,1593629826.7024863,6,2,0,0,0,0,0,0
281,281,1593629826.8038242,6,2,0,0,0,0,0,0
282,282,1593629826.8975158,6,2,0,0,0,0,0,0
283,283,1593629826.9992955,6,2,0,0,0,0,0,0
284,284,1593629827.1088762,6,2,0,0,0,0,0,0
285,285,1593629827.2074788,6,2,0,0,0,0,0,0
286,286,1593629827.301159,6,2,0,0,0,0,0,0
287,287,1593629827.398667,6,2,0,0,0,0,0,0
288,288,1593629827.488384,6,2,0,0,0,0,0,0
289,289,1593629827.5821223,6,2,0,0,0,0,0,0
290,290,1593629827.6802642,6,2,0,0,0,0,0,0
291,291,1593629827.7867346,6,2,0,0,0,0,0,0
292,292,1593629869.2906456,6,2,0,0,0,0,0,0
293,293,1593629869.4019287,6,2,0,0,0,0,0,0
294,294,1593629869.4980748,6,2,0,0,0,0,0,0
295,295,1593629869.5895102,6,2,0,0,0,0,0,0
296,296,1593629869.698378,6,2,0,0,0,0,0,0
297,297,1593629869.8046403,6,2,0,0,0,0,0,0
298,298,1593629869.9189222,6,2,0,0,0,0,0,0
299,299,1593629870.0245955,6,2,0,0,0,0,0,0
300,300,1593629870.130149,6,2,0,0,0,0,0,0
301,301,1593629870.248749,6,2,0,0,0,0,0,0
302,302,1593629870.3425963,6,2,0,0,0,0,0,0
303,303,1593629870.4518197,6,2,0,0,0,0,0,0
304,304,1593629870.558924,6,2,0,0,0,0,0,0
305,305,1593629870.6689763,6,2,0,0,0,0,0,0
306,306,1593629870.7782626,6,2,0,0,0,0,0,0
307,307,1593629870.8784456,6,2,0,0,0,0,0,0
308,308,1593629870.9867039,6,2,0,0,0,0,0,0
309,309,1593629871.098184,6,2,0,0,0,0,0,0
310,310,1593629871.2037272,6,2,0,0,0,0,0,0
311,311,1593629871.314556,6,2,0,0,0,0,0,0
312,312,1593629871.4302452,6,2,0,0,0,0,0,0
313,313,1593629871.5460637,6,2,0,0,0,0,0,0
314,314,1593629871.6518054,6,2,0,0,0,0,0,0
315,315,1593629871.7451496,6,2,0,0,0,0,0,0
316,316,1593629871.8574743,6,2,0,0,0,0,0,0
317,317,1593629871.955634,6,2,0,0,0,0,0,0
318,318,1593629872.0391312,6,2,0,0,0,0,0,0
319,319,1593629872.1380844,6,2,0,0,0,0,0,0
320,320,1593629872.2631254,6,2,0,0,0,0,0,0
321,321,1593629872.3604095,6,2,0,0,0,0,0,0
322,322,1593629872.4482646,6,2,0,0,0,0,0,0
323,323,1593629872.554587,6,2,0,0,0,0,0,0
324,324,1593629872.6656067,6,2,0,0,0,0,0,0
325,325,1593629872.7866745,6,2,0,0,0,0,0,0
326,326,1593629872.8959486,6,2,0,0,0,0,0,0
327,327,1593629872.9952881,6,2,0,0,0,0,0,0
328,328,1593629873.0913951,6,2,0,0,0,0,0,0
329,329,1593629873.2162561,6,2,0,0,0,0,0,0
330,330,1593629873.3256845,6,2,0,0,0,0,0,0
331,331,1593629873.439974,6,2,0,0,0,0,0,0
332,332,1593629873.522459,6,2,0,0,0,0,0,0
333,333,1593629873.61352,6,2,0,0,0,0,0,0
334,334,1593629873.7265584,6,2,0,0,0,0,0,0
335,335,1593629873.8329432,6,2,0,0,0,0,0,0
336,336,1593629873.945595,6,2,0,0,0,0,0,0
337,337,1593629874.0483599,6,2,0,0,0,0,0,0
338,338,1593629874.1575654,6,2,0,0,0,0,0,0
339,339,1593629874.253727,6,2,0,0,0,0,0,0
340,340,1593629874.3669574,6,2,0,0,0,0,0,0
341,341,1593629874.4549317,6,2,0,0,0,0,0,0
342,342,1593629874.7529051,6,2,0,0,0,0,0,0
343,343,1593629874.8621979,6,2,0,0,0,0,0,0
344,344,1593629874.9558997,6,2,0,0,0,0,0,0
345,345,1593629875.065279,6,2,0,0,0,0,0,0
346,346,1593629875.1745985,6,2,0,0,0,0,0,0
347,347,1593629875.2839859,6,2,0,0,0,0,0,0
348,348,1593629875.4714077,6,2,0,0,0,0,0,0
349,349,1593629875.5808275,6,2,0,0,0,0,0,0
350,350,1593629875.690195,6,2,0,0,0,0,0,0
351,351,1593629875.7995412,6,2,0,0,0,0,0,0
352,352,1593629875.9088004,6,2,0,0,0,0,0,0
353,353,1593629876.0181723,6,2,0,0,0,0,0,0
354,354,1593629876.1274984,6,2,0,0,0,0,0,0
355,355,1593629876.252538,6,2,0,0,0,0,0,0
356,356,1593629876.3618178,6,2,0,0,0,0,0,0
357,357,1593629876.4711666,6,2,0,0,0,0,0,0
358,358,1593629876.5805156,6,2,0,0,0,0,0,0
359,359,1593629876.689937,6,2,0,0,0,0,0,0
360,360,1593629876.7992854,6,2,0,0,0,0,0,0
361,361,1593629876.908629,6,2,0,0,0,0,0,0
362,362,1593629877.0179148,6,2,0,0,0,0,0,0
363,363,1593629877.1273332,6,2,0,0,0,0,0,0
364,364,1593629877.236611,6,2,0,0,0,0,0,0
365,365,1593629877.3460462,6,2,0,0,0,0,0,0
366,366,1593629877.4553094,6,2,0,0,0,0,0,0
367,367,1593629877.56474,6,2,0,0,0,0,0,0
368,368,1593629877.6740742,6,2,0,0,0,0,0,0
369,369,1593629877.783429,6,2,0,0,0,0,0,0
370,370,1593629877.8927052,6,2,0,0,0,0,0,0
371,371,1593629878.0020552,6,2,0,0,0,0,0,0
372,372,1593629878.111417,6,2,0,0,0,0,0,0
373,373,1593629878.2208228,6,2,0,0,0,0,0,0
374,374,1593629878.3144813,6,2,0,0,0,0,0,0
375,375,1593629878.4136715,6,2,0,0,0,0,0,0
376,376,1593629878.5073457,6,2,0,0,0,0,0,0
377,377,1593629878.6167448,6,2,0,0,0,0,0,0
378,378,1593629878.7260938,6,2,0,0,0,0,0,0
379,379,1593629878.835444,6,2,0,0,0,0,0,0
380,380,1593629878.9447925,6,2,0,0,0,0,0,0
381,381,1593629879.05407,6,2,0,0,0,0,0,0
382,382,1593629879.1634862,6,2,0,0,0,0,0,0
383,383,1593629879.2727752,6,2,0,0,0,0,0,0
384,384,1593629879.3821876,6,2,0,0,0,0,0,0
385,385,1593629879.4914763,6,2,0,0,0,0,0,0
386,386,1593629879.6008904,6,2,0,0,0,0,0,0
387,387,1593629879.710165,6,2,0,0,0,0,0,0
388,388,1593629879.819514,6,2,0,0,0,0,0,0
389,389,1593629879.928863,6,2,0,0,0,0,0,0
390,390,1593629880.038212,6,2,0,0,0,0,0,0
391,391,1593629880.1475613,6,2,0,0,0,0,0,0
392,392,1593629880.2569816,6,2,0,0,0,0,0,0
393,393,1593629880.3663313,6,2,0,0,0,0,0,0
394,394,1593629880.4756095,6,2,0,0,0,0,0,0
395,395,1593629880.574936,6,2,0,0,0,0,0,0
396,396,1593629880.6686642,6,2,0,0,0,0,0,0
397,397,1593629880.7781043,6,2,0,0,0,0,0,0
398,398,1593629880.8874295,6,2,0,0,0,0,0,0
399,399,1593629880.9967241,6,2,0,0,0,0,0,0
400,400,1593629881.1061301,6,2,0,0,0,0,0,0
401,401,1593629881.2154794,6,2,0,0,0,0,0,0
402,402,1593629881.3092065,6,2,0,0,0,0,0,0
403,403,1593629881.4185572,6,2,0,0,0,0,0,0
404,404,1593629881.5278459,6,2,0,0,0,0,0,0
405,405,1593629881.6371849,6,2,0,0,0,0,0,0
406,406,1593629881.7465334,6,2,0,0,0,0,0,0
407,407,1593629881.8559546,6,2,0,0,0,0,0,0
408,408,1593629881.965242,6,2,0,0,0,0,0,0
409,409,1593629882.0746617,6,2,0,0,0,0,0,0
410,410,1593629882.1995516,6,2,0,0,0,0,0,0
411,411,1593629882.308966,6,2,0,0,0,0,0,0
412,412,1593629882.41832,6,2,0,0,0,0,0,0
413,413,1593629882.5275996,6,2,0,0,0,0,0,0
414,414,1593629882.6213796,6,2,0,0,0,0,0,0
415,415,1593629882.7307482,6,2,0,0,0,0,0,0
416,416,1593629882.8401017,6,2,0,0,0,0,0,0
417,417,1593629882.9493816,6,2,0,0,0,0,0,0
418,418,1593629883.074352,6,2,0,0,0,0,0,0
419,419,1593629883.1837585,6,2,0,0,0,0,0,0
420,420,1593629883.2931154,6,2,0,0,0,0,0,0
421,421,1593629883.4024663,6,2,0,0,0,0,0,0
422,422,1593629883.5117412,6,2,0,0,0,0,0,0
423,423,1593629883.62109,6,2,0,0,0,0,0,0
424,424,1593629883.7304394,6,2,0,0,0,0,0,0
425,425,1593629883.8397877,6,2,0,0,0,0,0,0
426,426,1593629883.9492087,6,2,0,0,0,0,0,0
427,427,1593629884.0585139,6,2,0,0,0,0,0,0
428,428,1593629884.167904,6,2,0,0,0,0,0,0
429,429,1593629884.3084283,6,2,0,0,0,0,0,0
430,430,1593629884.4177809,6,2,0,0,0,0,0,0
431,431,1593629884.527126,6,2,0,0,0,0,0,0
432,432,1593629884.6365397,6,2,0,0,0,0,0,0
433,433,1593629884.745905,6,2,0,0,0,0,0,0
434,434,1593629884.8552399,6,2,0,0,0,0,0,0
435,435,1593629884.9645221,6,2,0,0,0,0,0,0
436,436,1593629885.0738714,6,2,0,0,0,0,0,0
437,437,1593629885.183221,6,2,0,0,0,0,0,0
438,438,1593629885.2925706,6,2,0,0,0,0,0,0
439,439,1593629885.3863728,6,2,0,0,0,0,0,0
440,440,1593629885.4956467,6,2,0,0,0,0,0,0
441,441,1593629885.6050768,6,2,0,0,0,0,0,0
442,442,1593629885.7143452,6,2,0,0,0,0,0,0
443,443,1593629885.8237667,6,2,0,0,0,0,0,0
444,444,1593629885.9331164,6,2,0,0,0,0,0,0
445,445,1593629886.0424664,6,2,0,0,0,0,0,0
446,446,1593629886.1674414,6,2,0,0,0,0,0,0
447,447,1593629886.2767813,6,2,0,0,0,0,0,0
448,448,1593629886.3861363,6,2,0,0,0,0,0,0
449,449,1593629886.4954996,6,2,0,0,0,0,0,0
450,450,1593629886.6047592,6,2,0,0,0,0,0,0
451,451,1593629886.698558,6,2,0,0,0,0,0,0
452,452,1593629886.8079035,6,2,0,0,0,0,0,0
453,453,1593629886.9171858,6,2,0,0,0,0,0,0
454,454,1593629887.0265343,6,2,0,0,0,0,0,0
455,455,1593629887.1359541,6,2,0,0,0,0,0,0
456,456,1593629887.2453501,6,2,0,0,0,0,0,0
457,457,1593629887.3546565,6,2,0,0,0,0,0,0
458,458,1593629887.4639378,6,2,0,0,0,0,0,0
459,459,1593629887.5733466,6,2,0,0,0,0,0,0
460,460,1593629887.682629,6,2,0,0,0,0,0,0
461,461,1593629887.7919781,6,2,0,0,0,0,0,0
462,462,1593629887.9013307,6,2,0,0,0,0,0,0
463,463,1593629888.0107555,6,2,0,0,0,0,0,0
464,464,1593629888.1201093,6,2,0,0,0,0,0,0
465,465,1593629888.2294505,6,2,0,0,0,0,0,0
466,466,1593629888.3387945,6,2,0,0,0,0,0,0
467,467,1593629888.4480734,6,2,0,0,0,0,0,0
468,468,1593629888.5574265,6,2,0,0,0,0,0,0
469,469,1593629888.6824667,6,2,0,0,0,0,0,0
470,470,1593629888.7917416,6,2,0,0,0,0,0,0
471,471,1593629888.9010909,6,2,0,0,0,0,0,0
472,472,1593629889.0104465,6,2,0,0,0,0,0,0
473,473,1593629889.119865,6,2,0,0,0,0,0,0
474,474,1593629889.2292106,6,2,0,0,0,0,0,0
475,475,1593629889.3385658,6,2,0,0,0,0,0,0
476,476,1593629889.44793,6,2,0,0,0,0,0,0
477,477,1593629889.5571878,6,2,0,0,0,0,0,0
478,478,1593629889.6665463,6,2,0,0,0,0,0,0
479,479,1593629889.7759438,6,2,0,0,0,0,0,0
480,480,1593629889.8853004,6,2,0,0,0,0,0,0
481,481,1593629889.9946716,6,2,0,0,0,0,0,0
482,482,1593629890.1040032,6,2,0,0,0,0,0,0
483,483,1593629890.2133577,6,2,0,0,0,0,0,0
484,484,1593629890.3226295,6,2,0,0,0,0,0,0
485,485,1593629890.4319787,6,2,0,0,0,0,0,0
486,486,1593629890.5413356,6,2,0,0,0,0,0,0
487,487,1593629890.6507487,6,2,0,0,0,0,0,0
488,488,1593629890.7600324,6,2,0,0,0,0,0,0
489,489,1593629890.8693755,6,2,0,0,0,0,0,0
490,490,1593629890.963105,6,2,0,0,0,0,0,0
491,491,1593629891.0725198,6,2,0,0,0,0,0,0
492,492,1593629891.1974225,6,2,0,0,0,0,0,0
493,493,1593629891.3068497,6,2,0,0,0,0,0,0
494,494,1593629891.4162033,6,2,0,0,0,0,0,0
495,495,1593629891.525488,6,2,0,0,0,0,0,0
496,496,1593629891.6348958,6,2,0,0,0,0,0,0
497,497,1593629891.7441683,6,2,0,0,0,0,0,0
498,498,1593629891.8535173,6,2,0,0,0,0,0,0
499,499,1593629891.9628665,6,2,0,0,0,0,0,0
500,500,1593629892.0565937,6,2,0,0,0,0,0,0
501,501,1593629892.1659434,6,2,0,0,0,0,0,0
502,502,1593629892.2753153,6,2,0,0,0,0,0,0
503,503,1593629892.3846424,6,2,0,0,0,0,0,0
504,504,1593629892.4939907,6,2,0,0,0,0,0,0
505,505,1593629892.603434,6,2,0,0,0,0,0,0
506,506,1593629892.712784,6,2,0,0,0,0,0,0
507,507,1593629892.822038,6,2,0,0,0,0,0,0
508,508,1593629892.9314344,6,2,0,0,0,0,0,0
509,509,1593629893.0251162,6,2,0,0,0,0,0,0
510,510,1593629893.134464,6,2,0,0,0,0,0,0
511,511,1593629893.2438133,6,2,0,0,0,0,0,0
512,512,1593629893.3531625,6,2,0,0,0,0,0,0
513,513,1593629893.4625926,6,2,0,0,0,0,0,0
514,514,1593629893.5562396,6,2,0,0,0,0,0,0
515,515,1593629893.6812763,6,2,0,0,0,0,0,0
516,516,1593629893.790559,6,2,0,0,0,0,0,0
517,517,1593629893.89998,6,2,0,0,0,0,0,0
518,518,1593629894.0092573,6,2,0,0,0,0,0,0
519,519,1593629894.1186776,6,2,0,0,0,0,0,0
520,520,1593629894.227981,6,2,0,0,0,0,0,0
521,521,1593629894.3216832,6,2,0,0,0,0,0,0
522,522,1593629894.4310453,6,2,0,0,0,0,0,0
523,523,1593629894.540382,6,2,0,0,0,0,0,0
524,524,1593629894.6498044,6,2,0,0,0,0,0,0
525,525,1593629894.7434583,6,2,0,0,0,0,0,0
526,526,1593629894.8529036,6,2,0,0,0,0,0,0
527,527,1593629894.9465516,6,2,0,0,0,0,0,0
528,528,1593629895.055921,6,2,0,0,0,0,0,0
529,529,1593629895.1652656,6,2,0,0,0,0,0,0
530,530,1593629895.2746596,6,2,0,0,0,0,0,0
531,531,1593629895.384002,6,2,0,0,0,0,0,0
532,532,1593629895.4932811,6,2,0,0,0,0,0,0
533,533,1593629895.6026323,6,2,0,0,0,0,0,0
534,534,1593629895.7119792,6,2,0,0,0,0,0,0
535,535,1593629895.8213296,6,2,0,0,0,0,0,0
536,536,1593629895.9307504,6,2,0,0,0,0,0,0
537,537,1593629896.0400274,6,2,0,0,0,0,0,0
538,538,1593629896.1494648,6,2,0,0,0,0,0,0
539,539,1593629896.2587352,6,2,0,0,0,0,0,0
540,540,1593629896.3836963,6,2,0,0,0,0,0,0
541,541,1593629896.477432,6,2,0,0,0,0,0,0
542,542,1593629896.5867887,6,2,0,0,0,0,0,0
543,543,1593629896.6962035,6,2,0,0,0,0,0,0
544,544,1593629896.8055484,6,2,0,0,0,0,0,0
545,545,1593629896.914899,6,2,0,0,0,0,0,0
546,546,1593629897.0242002,6,2,0,0,0,0,0,0
547,547,1593629897.1335177,6,2,0,0,0,0,0,0
548,548,1593629897.242867,6,2,0,0,0,0,0,0
549,549,1593629897.352314,6,2,0,0,0,0,0,0
550,550,1593629897.461647,6,2,0,0,0,0,0,0
551,551,1593629897.5709321,6,2,0,0,0,0,0,0
552,552,1593629897.6646426,6,2,0,0,0,0,0,0
553,553,1593629897.774083,6,2,0,0,0,0,0,0
554,554,1593629897.898962,6,2,0,0,0,0,0,0
555,555,1593629898.0083108,6,2,0,0,0,0,0,0
556,556,1593629898.102039,6,2,0,0,0,0,0,0
557,557,1593629898.2113924,6,2,0,0,0,0,0,0
558,558,1593629898.3364341,6,2,0,0,0,0,0,0
559,559,1593629898.4457877,6,2,0,0,0,0,0,0
560,560,1593629898.555056,6,2,0,0,0,0,0,0
561,561,1593629898.6644182,6,2,0,0,0,0,0,0
562,562,1593629898.7737548,6,2,0,0,0,0,0,0
563,563,1593629898.8831747,6,2,0,0,0,0,0,0
564,564,1593629898.9768388,6,2,0,0,0,0,0,0
565,565,1593629899.0861816,6,2,0,0,0,0,0,0
566,566,1593629899.2111528,6,2,0,0,0,0,0,0
567,567,1593629899.304881,6,2,0,0,0,0,0,0
568,568,1593629899.4142282,6,2,0,0,0,0,0,0
569,569,1593629899.5079563,6,2,0,0,0,0,0,0
570,570,1593629899.6173055,6,2,0,0,0,0,0,0
571,571,1593629899.7110326,6,2,0,0,0,0,0,0
572,572,1593629899.8203907,6,2,0,0,0,0,0,0
573,573,1593629899.9141102,6,2,0,0,0,0,0,0
574,574,1593629900.0078502,6,2,0,0,0,0,0,0
575,575,1593629900.1171873,6,2,0,0,0,0,0,0
576,576,1593629900.2109153,6,2,0,0,0,0,0,0
577,577,1593629900.3046427,6,2,0,0,0,0,0,0
578,578,1593629900.3983712,6,2,0,0,0,0,0,0
579,579,1593629900.4920983,6,2,0,0,0,0,0,0
580,580,1593629900.5858312,6,2,0,0,0,0,0,0
581,581,1593629900.6951756,6,2,0,0,0,0,0,0
582,582,1593629900.8045497,6,2,0,0,0,0,0,0
583,583,1593629900.913899,6,2,0,0,0,0,0,0
584,584,1593629901.0232246,6,2,0,0,0,0,0,0
585,585,1593629901.127399,6,2,0,0,0,0,0,0
586,586,1593629901.2211154,6,2,0,0,0,0,0,0
587,587,1593629901.330462,6,2,0,0,0,0,0,0
588,588,1593629901.4398777,6,2,0,0,0,0,0,0
589,589,1593629901.5491614,6,2,0,0,0,0,0,0
590,590,1593629901.6428883,6,2,0,0,0,0,0,0
591,591,1593629901.7366936,6,2,0,0,0,0,0,0
592,592,1593629901.8459718,6,2,0,0,0,0,0,0
593,593,1593629901.9553757,6,2,0,0,0,0,0,0
594,594,1593629902.0646675,6,2,0,0,0,0,0,0
595,595,1593629902.1740916,6,2,0,0,0,0,0,0
596,596,1593629902.283441,6,2,0,0,0,0,0,0
597,597,1593629902.392789,6,2,0,0,0,0,0,0
598,598,1593629902.4865057,6,2,0,0,0,0,0,0
599,599,1593629902.5958068,6,2,0,0,0,0,0,0
600,600,1593629902.7052176,6,2,0,0,0,0,0,0
601,601,1593629902.814486,6,2,0,0,0,0,0,0
602,602,1593629902.9238484,6,2,0,0,0,0,0,0
603,603,1593629903.0331843,6,2,0,0,0,0,0,0
604,604,1593629903.1269855,6,2,0,0,0,0,0,0
605,605,1593629903.2362614,6,2,0,0,0,0,0,0
606,606,1593629903.3456907,6,2,0,0,0,0,0,0
607,607,1593629903.4549596,6,2,0,0,0,0,0,0
608,608,1593629903.5643713,6,2,0,0,0,0,0,0
609,609,1593629903.673664,6,2,0,0,0,0,0,0
610,610,1593629903.7830813,6,2,0,0,0,0,0,0
611,611,1593629903.8923566,6,2,0,0,0,0,0,0
612,612,1593629904.001705,6,2,0,0,0,0,0,0
613,613,1593629904.1110544,6,2,0,0,0,0,0,0
614,614,1593629904.220475,6,2,0,0,0,0,0,0
615,615,1593629904.3141356,6,2,0,0,0,0,0,0
616,616,1593629904.4234803,6,2,0,0,0,0,0,0
617,617,1593629904.517208,6,2,0,0,0,0,0,0
618,618,1593629904.6265574,6,2,0,0,0,0,0,0
619,619,1593629904.7359157,6,2,0,0,0,0,0,0
620,620,1593629904.8452637,6,2,0,0,0,0,0,0
621,621,1593629904.938984,6,2,0,0,0,0,0,0
622,622,1593629905.0483322,6,2,0,0,0,0,0,0
623,623,1593629905.1576815,6,2,0,0,0,0,0,0
624,624,1593629905.2671137,6,2,0,0,0,0,0,0
